date,"hour","text","source","username","hashtags"		
2019-06-25,"0:59:04","DIVIRTA-SE: 5 novidades no card√°pio de bares em S√£o Paulo https://t.co/OLBv0VvvUH","TweetDeck","Estadao",""		
2019-06-25,"0:53:03","&gt;@EstadaoEsporte Brasil ter√° revanche contra o Paraguai ap√≥s ser eliminado duas vezes https://t.co/nyOPDUBdYR","TweetDeck","Estadao",""		
2019-06-25,"0:45:08","&gt;@brdezoito Guedes n√£o estar√° em reuni√£o do G-20 https://t.co/yrOyfjrvsr https://t.co/CgfhP1YxAC","TweetDeck","Estadao",""		
2019-06-25,"0:44:04","&gt;@EstadaoEsporte Corinthians assina com filho de conselheiro, de 27 anos, para atuar no sub-23 https://t.co/PvRtZ9pzAS","TweetDeck","Estadao",""		
2019-06-25,"0:42:01","&gt;@EstadaoSaoPaulo Ponte do Jaguar√© ser√° parcialmente reaberta na madrugada desta ter√ßa https://t.co/6qRkoPPmHH","TweetDeck","Estadao",""		
2019-06-25,"0:41:06","&gt;@EstadaoInter 'N√£o √© meu tipo', diz Trump sobre mulher que o acusa de estupro https://t.co/I8aHWh3EMs","TweetDeck","Estadao",""		
2019-06-25,"0:38:02","Lista dos 50 melhores restaurantes do mundo ser√° anunciada nesta ter√ßa; acompanhe cobertura ao vivo no‚Ä¶ https://t.co/RrmSLFdHPx","TweetDeck","Estadao",""		
2019-06-25,"0:34:03","&gt;@EstadaoEsporte Veja data e local dos confrontos das quartas de final da #CopaAmerica; Brasil e Argentina podem se‚Ä¶ https://t.co/BJC1zyacaS","TweetDeck","Estadao","CopaAmerica"		
2019-06-25,"0:33:03","&gt;@EstadaoCultura Rock in Rio 2019: Helloween toca no lugar do Megadeth https://t.co/pfBK7bzHl7","TweetDeck","Estadao",""		
2019-06-25,"0:25:07","&gt;@EstadaoEsporte Torcedor invade gramado no Maracan√£ e leva rasteira de zagueiro do Chile https://t.co/AJ088le3Cj","TweetDeck","Estadao",""		
2019-06-25,"0:24:06","&gt;@EstadaoInter Ap√≥s derrota em Istambul, Erdogan se volta √† pol√≠tica externa https://t.co/q6pNgA8td4","TweetDeck","Estadao",""		
2019-06-25,"0:15:05","&gt;@esportefera V√≠deo: artista recria cesta hist√≥rica de Kawhi Leonard em lego https://t.co/wTZbvd2Bzf https://t.co/w4wbHx0No7","TweetDeck","Estadao",""		
2019-06-25,"0:04:05","RESUMO DO DIA | Gilmar, Moro e Lula, F-1 '99%' no Rio, Dia de S√£o Jo√£o, 4 anos sem Cristiano Ara√∫jo https://t.co/kn0wGcytQ0","TweetDeck","Estadao",""		
2019-06-25,"23:59:42","&gt;@EstadaoPolitica Bolsonaro quer vetar lista tr√≠plice para ag√™ncias reguladoras https://t.co/Tdc5kq6eM4","TweetDeck","Estadao",""		
2019-06-25,"23:37:30","ARTIGO | Paulo Dimas Mascaretti: 'Imigrante, S√£o Paulo te acolhe' https://t.co/32d9BqO9Ky","TweetDeck","Estadao",""		
2019-06-25,"23:11:44","&gt;@EstadaoEsporte Equador e Jap√£o empatam, s√£o eliminados e Brasil encara o Paraguai na #CopaAmerica https://t.co/VlxNJj4APH","TweetDeck","Estadao","CopaAmerica"		
2019-06-25,"22:46:01","&gt;@fausto_macedo Procuradores e ju√≠zes pedem ao Senado que n√£o inclua abuso de autoridade e morda√ßa no pacote ‚Äô10 Me‚Ä¶ https://t.co/takJhi6uqM","TweetDeck","Estadao",""		
2019-06-25,"22:43:04","&gt;@EstadaoEsporte Com gol de Cavani, Uruguai bate o Chile e pega o Peru nas quartas da #CopaAmerica https://t.co/XlD7OME45e","TweetDeck","Estadao","CopaAmerica"		
2019-06-25,"22:39:02","&gt;@EstadaoInter Governo brasileiro avalia reuni√£o paralela ao G-20 para falar sobre Venezuela https://t.co/3yLTa75QfI","TweetDeck","Estadao",""		
2019-06-25,"22:32:01","&gt;@EstadaoInter Bomba da 2¬™ Guerra explode na Alemanha e abre cratera de 10 metros https://t.co/70MA1DSsKP","TweetDeck","Estadao",""		
2019-06-25,"22:17:29","&gt;@esportefera Alerta de foto pesada! CR7 se encontra com Michael Jordan e escreve: '""N√≥s fizemos hist√≥ria'‚Ä¶ https://t.co/Dh4zu5O3PW","TweetDeck","Estadao",""		
2019-06-25,"21:50:50","&gt;@EstadaoEsporte Neymar chega a acordo com o Bar√ßa, mas falta acerto entre os clubes, diz jornal espanhol https://t.co/GuvDNXF7kP","TweetDeck","Estadao",""		
2019-06-25,"21:30:03","Advogado diz que filho de Flordelis n√£o confessou assassinato de pastor em Niter√≥i https://t.co/XH6lnqrGX1","TweetDeck","Estadao",""		
2019-06-25,"21:27:04","&gt;@Emais_Estadao Orgulho LGBT+: Marcas lan√ßam produtos para celebrar e apoiar a causa https://t.co/ybDVc73uKb https://t.co/9hHgE0Mr2g","TweetDeck","Estadao",""		
2019-06-25,"21:10:06","&gt;@brdezoito Alencar quer explica√ß√µes sobre viagem de Moro aos EUA: 'Est√° fugindo do debate com deputados'‚Ä¶ https://t.co/BEWbgAxPaH","TweetDeck","Estadao",""		
2019-06-25,"21:05:03","&gt;@EstadaoEconomia Guedes diz que pre√ßo do g√°s pode cair 40% e PIB industrial crescer 8,46% em 2 anos https://t.co/GWfMdiC2gM","TweetDeck","Estadao",""		
2019-06-25,"20:52:02","Torcedor argentino muda visual, mas √© detido pela segunda vez em dez dias no Brasil https://t.co/6jJBc7ezgK https://t.co/sIe2iBCsXd","TweetDeck","Estadao",""		
2019-06-24,"20:44:05","Um em cada cinco motoristas admite usar celular enquanto dirige https://t.co/gN4RF3o4tK","TweetDeck","Estadao",""		
2019-06-24,"20:44:05","&gt;@EstadaoEconomia Governo diz que at√© 2022 vende 44 aeroportos https://t.co/PEpGjrykAF","TweetDeck","Estadao",""		
2019-06-24,"20:43:04","&gt;@EstadaoLink Senadores dos EUA querem saber quanto empresas ganham com dados https://t.co/BgvFuSCd04 https://t.co/E7dfumhx3P","TweetDeck","Estadao",""		
2019-06-24,"20:41:06","&gt;@fausto_macedo Acordos de dela√ß√£o premiada homologados pelo STF j√° devolveram R$ 1,1 bi, diz Raquel Dodge		
https://t.co/fM6fsweoBb","TweetDeck","Estadao",""		
2019-06-24,"20:32:06","&gt;@EstadaoEsporte Arena do Gr√™mio corre para recuperar gramado para jogo da sele√ß√£o https://t.co/WWCRChNBzb","TweetDeck","Estadao",""		
2019-06-24,"20:31:07","#CopaAmerica Uruguai e Chile definem lideran√ßa do grupo e √∫ltimas vagas no mata-mata da Copa Am√©rica; acompanhe AO‚Ä¶ https://t.co/4ZBwWS2Ugl","TweetDeck","Estadao","CopaAmerica"		
2019-06-24,"20:26:02","&gt;@casaestadao Cinco dicas essenciais para manter a beleza das plantas no inverno https://t.co/ihvF6n3P64 https://t.co/tWfPH0ldXG","TweetDeck","Estadao",""		
2019-06-24,"20:24:04","&gt;@EstadaoPolitica Doria responde Bolsonaro sobre GP de F√≥rmula 1: ‚ÄòN√£o √© hora de elei√ß√£o. √â momento de gest√£o‚Äô https://t.co/AWGVY0kvwC","TweetDeck","Estadao",""		
2019-06-24,"20:24:03","&gt;@fausto_macedo Barroso suspende MP de Bolsonaro que transfere demarca√ß√£o de terras ind√≠genas para Agricultura https://t.co/roamR8ukVR","TweetDeck","Estadao",""		
2019-06-24,"20:18:05","&gt;@esportefera Gustagol revela que √© f√£ de Felipe Melo e pediu abra√ßo ao rival antes de jogo https://t.co/OH2WgQkfFY https://t.co/Kz6QGPB5OZ","TweetDeck","Estadao",""		
2019-06-24,"20:14:03","L√≠der da bancada da bala quer distribuir cartilha para deputados sobre decreto das armas https://t.co/0Zh2tSwkXF","TweetDeck","Estadao",""		
2019-06-24,"20:06:05","&gt;@Emais_Estadao Conhe√ßa Scamp the Tramp, c√£ozinho que venceu concurso de 'cachorro mais feio do mundo'‚Ä¶ https://t.co/J9TZLReiGx","TweetDeck","Estadao",""		
2019-06-24,"19:46:04","&gt;@usponline Confian√ßa dos empres√°rios atinge menor n√≠vel desde outubro https://t.co/gpfrt6KXYy https://t.co/PhJXhpf3MZ","TweetDeck","Estadao",""		
2019-06-24,"19:30:06","&gt;@EstadaoEconomia Esperamos que vota√ß√£o do relat√≥rio da Previd√™ncia ocorra na quinta-feira, diz Marinho https://t.co/wQz9BIy0Js","TweetDeck","Estadao",""		
2019-06-24,"19:09:51","&gt;@esportefera Namorada de Marta mostra cachorros delas na torcida pela sele√ß√£o brasileira https://t.co/ESXKHZmxEC https://t.co/p31DvlhQYt","TweetDeck","Estadao",""		
2019-06-24,"18:49:05","&gt;@EstadaoPaladar Dia de S√£o Jo√£o: 5 receitas r√°pidas para a data n√£o passar em branco https://t.co/rKJDOSBF00 https://t.co/SKtNjr8rXL","TweetDeck","Estadao",""		
2019-06-24,"18:31:07","&gt;@EstadaoInter Bolsonaro aproveita G20 para se encontrar com Xi Jinping e pr√≠ncipe saudita https://t.co/A1i6gBCziz","TweetDeck","Estadao",""		
2019-06-24,"18:17:02","&gt;@EstadaoCiencia Cientistas descobrem sinais da doen√ßa de Parkinson muitos anos antes dos sintomas https://t.co/P8LVc1fvWW","TweetDeck","Estadao",""		
2019-06-24,"17:53:06","&gt;@EstadaoCultura TV EM S√âRIE: Panflet√°rio, ‚ÄòDemocracia em Vertigem‚Äô ocupa v√°cuo da direita https://t.co/7zJtRoSuTG https://t.co/SodO3J6qP9","TweetDeck","Estadao",""		
2019-06-24,"17:52:48","ESPECIAL COPA AM√âRICA: Veja os pontos fortes e fracos das sele√ß√µes j√° classificadas https://t.co/3lTz5PSToh (via @EstadaoEsporte)","TweetDeck","Estadao",""		
2019-06-24,"17:32:04","Come√ßou! ü¶Å Pr√©-venda de ingressos para ‚ÄòO Rei Le√£o‚Äô j√° est√° rolando; saiba mais https://t.co/7AkgkaHCYy","TweetDeck","Estadao",""		
2019-06-24,"17:21:24","&gt;@EstadaoSaoPaulo Briga termina com tiros em pr√©dio na zona sul de SP; 2 PMs s√£o feridos https://t.co/Arz6CQcQAl","TweetDeck","Estadao",""		
2019-06-24,"17:19:58","&gt;@Emais_Estadao Filho de Luciano Huck recebe alta da UTI e apresenta quadro est√°vel https://t.co/XyAAPeX9B1 https://t.co/EqljoBz4Es","TweetDeck","Estadao",""		
2019-06-24,"16:59:04","&gt;@EstadaoEconomia Minist√©rio da Agricultura aprova registro de 42 defensivos agr√≠colas https://t.co/oP4wq02MP8","TweetDeck","Estadao",""		
2019-06-24,"16:53:05","&gt;@EstadaoEsporte Bolsonaro anuncia transfer√™ncia do GP do Brasil para o Rio a partir de 2021 https://t.co/lPeDWLVvNj","TweetDeck","Estadao",""		
2019-06-24,"16:45:04","&gt;@EstadaoPolitica Cabral √© punido com isolamento por ter instalado seu pr√≥prio cinema na pris√£o https://t.co/bUmmtRZPvM","TweetDeck","Estadao",""		
2019-06-24,"16:44:07","&gt;@EstadaoPolitica Entenda todos os processos contra Lula na Justi√ßa https://t.co/vih5z4PGFR","TweetDeck","Estadao",""		
2019-06-24,"16:41:02","&gt;@EstadaoInter Avi√£o militar russo volta a pousar em Aeroporto de Caracas https://t.co/7wtBSfKAXg","TweetDeck","Estadao",""		
2019-06-24,"16:29:02","&gt;@EstadaoPolitica Lava Jato denuncia Paulo Vieira por lavagem de US$ 400 mil https://t.co/8vQ5LlvdtF","TweetDeck","Estadao",""		
2019-06-24,"16:25:06","Deputada Flordelis presta depoimento √† pol√≠cia sobre morte de marido https://t.co/XspPjTWitR (via @EstadaoSaoPaulo)","TweetDeck","Estadao",""		
2019-06-24,"16:24:04","&gt;@EstadaoPolitica Joice diz que Bolsonaro √© 'simp√°tico' √† sua candidatura √† Prefeitura de SP https://t.co/Ocjn05eSay","TweetDeck","Estadao",""		
2019-06-24,"16:22:12","&gt;@EstadaoEconomia H√° expectativa de que o relat√≥rio da Previd√™ncia seja votado at√© quinta-feira, diz Maia https://t.co/GzCcGWpoBz","TweetDeck","Estadao",""		
2019-06-24,"15:58:13","'O Pa√≠s balan√ßa, mas n√£o cai', diz fundador da Cyrela https://t.co/bDyHwjjZrM (via @EstadaoEconomia)","TweetDeck","Estadao",""		
2019-06-24,"15:37:53","Confira filmes e s√©ries que estreiam em julho na Netflix e em outras plataformas https://t.co/5ZD4d2LvLI (via @EstadaoCultura)","TweetDeck","Estadao",""		
2019-06-24,"15:17:06","Petrobr√°s ter√° que vender a√ß√µes das empresas de transporte e distribui√ß√£o de g√°s https://t.co/ANtBRAE7wE (via @EstadaoEconomia)","TweetDeck","Estadao",""		
2019-06-24,"15:12:49","Coluna Teaser: Veja campanha que ajudou Burger King a ser anunciante mais criativo em Cannes https://t.co/FRcdSdIEZe","TweetDeck","Estadao",""		
2019-06-24,"14:48:02","Anular meus processos n√£o anula toda a Lava Jato, afirma Lula https://t.co/OuubhnYCtG","TweetDeck","Estadao",""		
2019-06-24,"14:44:52","&gt;@EstadaoCultura Universal Music enfrenta a√ß√£o coletiva por perda de grava√ß√µes em inc√™ndio https://t.co/1NEYGdqypy","TweetDeck","Estadao",""		
2019-06-24,"14:21:03","Trump anuncia san√ß√µes ao l√≠der supremo do Ir√£, aiatol√° Ali Khamenei https://t.co/8gf80immlX (via @EstadaoInter)","TweetDeck","Estadao",""		
2019-06-24,"14:10:02","‚ÄòA tecnologia existe para servir a humanidade‚Äô, diz chefe global de design do Google https://t.co/ZNc1nV89kE https://t.co/wIYOaTmIXd","TweetDeck","Estadao",""		
2019-06-24,"13:47:39","&gt;@EstadaoEsporte Cabe no seu time? Veja os jogadores renomados que est√£o livres no mercado https://t.co/87sx0HlbCO https://t.co/dHbgSNU3EF","TweetDeck","Estadao",""		
2019-06-24,"13:27:02","Justi√ßa Federal manda leiloar lancha de Cabral e Lamborghini e lancha de Eike https://t.co/8EeyB6WM6C (via @EstadaoPolitica)","TweetDeck","Estadao",""		
2019-06-24,"13:25:05","&gt;@fausto_macedo Par√° transfere 30 l√≠deres de fac√ß√µes criminosas ap√≥s descobrir plano de fuga de 400 detentos https://t.co/EYzOIMM0hv","TweetDeck","Estadao",""		
2019-06-24,"13:05:07","&gt;@soracy Para economista, crescimento cont√≠nuo da economia √© ‚Äòcomo um c√¢ncer‚Äô https://t.co/8pdIMOYggf","TweetDeck","Estadao",""		
2019-06-24,"12:52:02","Ponte do Jaguar√© segue interditada nesta segunda-feira https://t.co/D9erLVQJ65 (via @EstadaoSaoPaulo)","TweetDeck","Estadao",""		
2019-06-24,"12:44:03","&gt;@EstadaoInter Quatro integrantes do governo da Eti√≥pia s√£o assassinados em tentativa de golpe https://t.co/AQ2pVmHa5P","TweetDeck","Estadao",""		
2019-06-24,"12:43:02","Deputados devem seguir Senado e aprovar derrubada do decreto de armas de Bolsonaro, diz Maia https://t.co/YRU2PT6rYH","TweetDeck","Estadao",""		
2019-06-24,"12:32:06","&gt;@Mar_Sem_Fim Terra recicla o fundo do oceano em diamantes, saiba como https://t.co/ckb3iQdWtI","TweetDeck","Estadao",""		
2019-06-24,"12:26:01","Supremo vai adiar julgamento sobre suspei√ß√£o de Moro no caso Lula https://t.co/8I0tksfVwW (via @fausto_macedo)","TweetDeck","Estadao",""		
2019-06-24,"12:23:03","&gt;@brdezoito Em podcast, Maia diz ser ‚Äòradicalmente contra‚Äô reelei√ß√£o https://t.co/Jx8ZlZQxYQ https://t.co/YqksgmEk5X","TweetDeck","Estadao",""		
2019-06-24,"12:20:05","&gt;@EstadaoLink Precisa de mais sigilo nas suas trocas de mensagens? O Signal √© considerado ultrasseguro; Entenda o p‚Ä¶ https://t.co/piyau6jfrm","TweetDeck","Estadao",""		
2019-06-24,"12:19:04","'Desisto de entender o povo', diz Anitta ap√≥s cr√≠ticas por receber f√£s sem sorrir https://t.co/AY2IMqHakk https://t.co/f4Gy2BI2aj","TweetDeck","Estadao",""		
2019-06-24,"12:17:02","'Sem Neymar, Firmino pode ser a chave para solucionar problemas' https://t.co/JYorRL0cbt (via @EstadaoEsporte)","TweetDeck","Estadao",""		
2019-06-24,"12:13:12","Festa junina 2019: confira onde comprar comidas e bebidas t√≠picas para montar o arraial https://t.co/yEYFg2eRnM (via @EstadaoCultura)","TweetDeck","Estadao",""		
2019-06-24,"11:51:07","Sem coleta, cidade japonesa separa lixo em 45 categorias e objetivo √© reciclar tudo https://t.co/sB9kIqJQ1m","TweetDeck","Estadao",""		
2019-06-24,"11:37:18","&gt;@brdezoito Popularidade de Moro cai 10 pontos https://t.co/pCfnjbKWhW https://t.co/HmK6Vmmp7b","TweetDeck","Estadao",""		
2019-06-24,"11:15:53","Ludmilla revela que perdeu contratos ap√≥s assumir namoro com bailarina https://t.co/HJpq9kysrW (via @Emais_Estadao) https://t.co/zFIAbSqMMo","TweetDeck","Estadao",""		
2019-06-24,"10:54:44","'Claro que a proposta de reforma tribut√°ria n√£o √© anti-Guedes', diz Baleia Rossi https://t.co/ExCWH37tkL","TweetDeck","Estadao",""		
2019-06-24,"10:33:09","&gt;@EstadaoEconomia Veja a campanha do ‚ÄòNew York Times‚Äô eleita como melhor filme publicit√°rio em Cannes Lions‚Ä¶ https://t.co/V8z3qlVk0g","TweetDeck","Estadao",""		
2019-06-24,"9:18:41","&gt;@fausto_macedo Procuradoria manifesta ‚Äòperplexidade‚Äô com devolu√ß√£o de demarca√ß√£o de terras ind√≠genas √† Agricultura https://t.co/RPfrukE6TN","TweetDeck","Estadao",""		
2019-06-24,"8:56:37","Deputada Flordelis presta depoimento nesta segunda. Ela √© considerada suspeita? Entenda https://t.co/8PosW5M2ve","TweetDeck","Estadao",""		
2019-06-24,"8:24:06","&gt;@EstadaoEconomia Lucro da Caixa sobe 23% no primeiro trimestre e chega a R$ 3,9 bilh√µes https://t.co/7N4UpstIHi","TweetDeck","Estadao",""		
2019-06-24,"8:08:49","&gt;@esportefera Camaronesas choram ap√≥s terem gol anulado pelo VAR na Copa Feminina https://t.co/nzwbDn86rb https://t.co/bBQH1FsZci","TweetDeck","Estadao",""		
2019-06-24,"7:47:35","&gt;@EstadaoCultura Grandes nomes de Hollywood analisam o futuro dos filmes https://t.co/vd5TCvaE9h","TweetDeck","Estadao",""		
2019-06-24,"7:27:08","&gt;@EstadaoEconomia Uni√£o vai ajudar Estados que contribu√≠rem para redu√ß√£o do pre√ßo do g√°s https://t.co/w76eMsVpuw","TweetDeck","Estadao",""		
2019-06-24,"6:53:33","&gt;@EstadaoInter Ir√£ diz que ciberataques dos EUA falharam e que abatimento de drone poderia se repetir https://t.co/SlsvkIQuT5","TweetDeck","Estadao",""		
2019-06-24,"6:32:12","JORNAL DO CARRO: Um em cada cinco motoristas admite uso do celular ao dirigir https://t.co/6QgfaL4ZHK https://t.co/yAVzY5Ooon","TweetDeck","Estadao",""		
2019-06-24,"5:38:46","#ORGULHOLGBT √© o tema da nossa thread especial p√≥s-Parada em S√£o Paulo. E, para abrir, com o car√°ter de movimento p‚Ä¶ https://t.co/X0wBtE0Bp5","TweetDeck","Estadao","ORGULHOLGBT"		
2019-06-24,"5:04:41","&gt;@EstadaoEconomia Proje√ß√£o para alta do PIB recua e passa de 0,93% para 0,87% https://t.co/lM6OyetXDu","TweetDeck","Estadao",""		
2019-06-24,"4:18:02","&gt;@EstadaoEconomia Neon lan√ßa fun√ß√£o para arredondar os valores para cima no cart√£o de d√©bito e aplicar o troco em C‚Ä¶ https://t.co/ao67L3JGSK","TweetDeck","Estadao",""		
2019-06-24,"4:13:02","&gt;@EstadaoInter Sobe para 24 o n√∫mero de mortos em desabamento de edif√≠cio no Camboja https://t.co/YnU65ZhcLH","TweetDeck","Estadao",""		
2019-06-24,"4:05:24","ARTIGO: 'Presidencialismo sem coaliz√£o - A grande pergunta √©: como ficar√£o a governabilidade e a agenda de reformas‚Ä¶ https://t.co/yDYycJ2Q1I","TweetDeck","Estadao",""		
2019-06-24,"3:44:11","&gt;@colunadoestadao CCJ deve analisar texto que limita a√ß√£o do STF https://t.co/ong7MPXBC4","TweetDeck","Estadao",""		
2019-06-24,"3:22:13","&gt;@EstadaoInter Nove chapas presidenciais se inscrevem para prim√°rias na Argentina https://t.co/UhnzNDhSjZ","TweetDeck","Estadao",""		
2019-06-24,"2:59:03","PODCAST: Debate - STF pode soltar Lula? Ou√ßa no ‚ÄòEstad√£o Not√≠cias‚Äô https://t.co/wxrhDmz335","TweetDeck","Estadao",""		
2019-06-24,"2:40:06","&gt;@EstadaoEconomia Congresso quer protagonismo e promete votar reforma tribut√°ria ainda este ano https://t.co/bPRCmdtHOF","TweetDeck","Estadao",""		
2019-06-24,"2:26:17","&gt;@EstadaoEsporte Veja sele√ß√µes que podem enfrentar o Brasil nas quartas de final da Copa Am√©rica https://t.co/ggLdq1Yufj","TweetDeck","Estadao",""		
2019-06-24,"1:41:05","Bas√¥metro: PSL e PSOL s√£o os partidos mais coesos #EstadaoMonitora https://t.co/EuExfnr2xW","TweetDeck","Estadao","EstadaoMonitora"		
2019-06-24,"1:16:52","&gt;@EstadaoInter Secret√°rio de Estado norte-americano visita Ar√°bia Saudita para abordar crise com o Ir√£ https://t.co/dtVaLOxZwA","TweetDeck","Estadao",""		
2019-06-24,"0:55:50","&gt;@EstadaoSaoPaulo Fernando Holiday prop√µe interna√ß√£o psiqui√°trica para gr√°vidas com 'propens√£o' ao aborto ilegal https://t.co/ZPtehkkGkf","TweetDeck","Estadao",""		
2019-06-24,"0:32:02","&gt;@EstadaoPolitica '√â hora de o Congresso mudar a lei da colabora√ß√£o premiada', diz criminalista‚Ä¶ https://t.co/uA2WqlfVoi","TweetDeck","Estadao",""		
2019-06-24,"0:17:02","&gt;@fausto_macedo Celso de Mello deve decidir destino de Lula e Moro https://t.co/tgmqOjhbkd","TweetDeck","Estadao",""		
2019-06-24,"0:14:06","&gt;@fausto_macedo 31 delatores d√£o calote de R$ 120 milh√µes na Justi√ßa https://t.co/QSkYc8skya","TweetDeck","Estadao",""		
2019-06-24,"0:10:02","EDITORIAL: H√° 3,3 milh√µes de trabalhadores h√° pelo menos dois anos √† procura de uma ocupa√ß√£o remunerada. Esse n√∫mer‚Ä¶ https://t.co/LqypKCigeT","TweetDeck","Estadao",""		
2019-06-24,"0:10:01","CAPA: Crime organizado lidera invas√µes de mananciais em SP https://t.co/23uaxA7s3m https://t.co/J3ais4GQVA","Twitter for Android","Estadao",""		
2019-06-24,"0:08:05","Estudo associa enfarte √† falta de perd√£o		
https://t.co/UWFfzwEy4L","TweetDeck","Estadao",""		
2019-06-24,"23:50:03","Ave usa ‚Äòmochila‚Äô em estudo sobre migra√ß√£o		
https://t.co/tz061ztjRE https://t.co/FzeyZnvP1E","TweetDeck","Estadao",""		
2019-06-24,"23:38:04","&gt;@EstadaoCultura Cole√ß√£o rara de livros de George Orwell √© doada para universidade americana		
https://t.co/GjMaXkZUp2","TweetDeck","Estadao",""		
2019-06-24,"23:17:04","&gt;@EstadaoEsporte Paulo Roberto Falc√£o ganha exposi√ß√£o na Embaixada do Brasil em Roma		
https://t.co/kJdze1P29C https://t.co/y1O4zSamrh","TweetDeck","Estadao",""		
2019-06-24,"23:00:05","&gt;@EstadaoLink 'Vivemos uma batalha global por inova√ß√£o', diz reitor de Wharton		
https://t.co/rDpA6vJkga","TweetDeck","Estadao",""		
2019-06-24,"22:55:06","&gt;@EstadaoCultura J. D. Salinger: ‚ÄúO Apanhador no Campo de Centeio‚Äù		
https://t.co/1o3oJAH0X7","TweetDeck","Estadao",""		
2019-06-24,"22:45:07","&gt;@EstadaoEconomia ‚ÄòAssistimos a um parlamentarismo branco na reforma‚Äô, diz Giambiagi		
https://t.co/FDhgNkS6YI","TweetDeck","Estadao",""		
2019-06-24,"22:22:02","&gt;@EstadaoCultura A nova mulher em MIB e X-Men		
https://t.co/4m1aJhU4cV","TweetDeck","Estadao",""		
2019-06-24,"22:09:05","&gt;@esportefera 13 anos depois, Henry de novo: brasileiros tem flashback na Copa Feminina		
https://t.co/Dhae5pCYOj","TweetDeck","Estadao",""		
2019-06-24,"22:08:06","&gt;@esportefera Vinicius J√∫nior acredita que Mbapp√© ser√° jogador do Real Madrid no futuro		
https://t.co/163NKa0P7x","TweetDeck","Estadao",""		
2019-06-24,"21:56:03","&gt;@EstadaoEconomia Headhunter amplia busca de olho em aptid√µes emocionais de candidatos		
https://t.co/s6knXv22P5","TweetDeck","Estadao",""		
2019-06-24,"21:38:00","&gt;@EstadaoEconomia 'Ningu√©m quer morar embaixo de barragem', diz ex-diretor da Vale		
https://t.co/mHBO3J1aqF","TweetDeck","Estadao",""		
2019-06-24,"21:35:04","&gt;@esportefera Ferland Mendy se explica ap√≥s curtir tweet que pedia deporta√ß√£o de colega		
https://t.co/lswzwwtttZ https://t.co/JbPZoIkXKP","TweetDeck","Estadao",""		
2019-06-23,"21:28:05","&gt;@esportefera ONU ressalta diferen√ßa salarial entre futebol masculino e feminino		
https://t.co/SM9yx5WDqV","TweetDeck","Estadao",""		
2019-06-23,"21:15:19","&gt;@estadaopme Inova√ß√£o e agilidade levam pequenas a resolver problemas de gigantes		
https://t.co/jrlNhA6fcl","TweetDeck","Estadao",""		
2019-06-23,"20:55:06","&gt;@Emais_Estadao Orquestra Sinf√¥nica de SP se apresenta gratuitamente na Faculdade de Direito da USP		
https://t.co/HmcYWp3xfk","TweetDeck","Estadao",""		
2019-06-23,"20:51:36","&gt;@EstadaoEconomia Cen√°rio: Venezuela abandona bol√≠var e lentamente adota a dolariza√ß√£o 		
https://t.co/eogNelWWne","TweetDeck","Estadao",""		
2019-06-23,"20:31:06","&gt;@EstadaoEsporte O desafio agora √© n√£o deixar ‚Äòmorrer‚Äô o futebol feminino no Brasil		
https://t.co/l3sjoxVb3M","TweetDeck","Estadao",""		
2019-06-23,"20:13:07","&gt;@EstadaoCultura 'Isso muda a forma√ß√£o das crian√ßas, da sociedade', diz Luisa Mell, sobre o livro de Rita Lee		
https://t.co/a9DZoi8JnI","TweetDeck","Estadao",""		
2019-06-23,"20:07:05","&gt;@estadaoesportes Com gol na prorroga√ß√£o, Fran√ßa bate Brasil na Copa do Mundo feminina de futebol‚Ä¶ https://t.co/LUdbhsRtpw","TweetDeck","Estadao",""		
2019-06-23,"20:07:05","&gt;@EstadaoEsporte Com reservas, Col√¥mbia mostra for√ßa, bate Paraguai e mant√©m os 100%		
https://t.co/SxNKVKCFBX","TweetDeck","Estadao",""		
2019-06-23,"20:01:07","&gt;@EstadaoInter Ir√£ denuncia 'drone espi√£o americano' por suposta invas√£o em maio		
https://t.co/VYz4VZQwmN","TweetDeck","Estadao",""		
2019-06-23,"19:57:23","&gt;@EstadaoEsporte Argentina supera Catar, avan√ßa em segundo e encara a Venezuela		
https://t.co/DeslcagD11","TweetDeck","Estadao",""		
2019-06-23,"19:37:02","'Resist√™ncia' √© a palavra mais repetida na Parada do Orgulho LGBT na Paulista		
https://t.co/HSHxsfZGF1","TweetDeck","Estadao",""		
2019-06-23,"19:25:51","&gt;@EstadaoEsporte Hamilton avisa aos rivais: 'O carro melhora √† medida que as corridas acontecem'		
https://t.co/9pbyi86y1R","TweetDeck","Estadao",""		
2019-06-23,"19:05:47","&gt;@EstadaoEsporte Filipinho supera sul-africano e fatura etapa do Rio do Circuito Mundial		
https://t.co/OE3GPPwMKf","TweetDeck","Estadao",""		
2019-06-23,"18:44:04","&gt;@EstadaoEsporte Tite tem dois jogadores diferentes na sele√ß√£o que precisam ser valorizados		
https://t.co/6xMVWPBPNv","TweetDeck","Estadao",""		
2019-06-23,"18:21:23","&gt;@EstadaoCultura Democracia em vertigem, ou alerta?		
https://t.co/lHfDcZgmIf","TweetDeck","Estadao",""		
2019-06-23,"18:00:05","Deputada Flordelis diz ter esperan√ßa de que filhos sejam inocentes		
https://t.co/0riVLYGmLE","TweetDeck","Estadao",""		
2019-06-23,"17:55:02","&gt;@EstadaoCultura Na s√©rie ‚ÄòAs Vil√£s que Amamos‚Äô, do Viva, atrizes lembram suas personagens malvadas‚Ä¶ https://t.co/xNxRJ8vEHK","TweetDeck","Estadao",""		
2019-06-23,"17:34:52","Uso do spray no futebol motiva a√ß√£o na Justi√ßa contra a Fifa https://t.co/xY8N8cyI4T -via @EstadaoEsporte","TweetDeck","Estadao",""		
2019-06-23,"17:12:28","&gt;@esportefera Relembre os confrontos entre Brasil e Fran√ßa no futebol feminino		
https://t.co/BMtXMQ6HKy","TweetDeck","Estadao",""		
2019-06-23,"16:51:30","Ap√≥s criminalizar homofobia, STF tem outras tr√™s a√ß√µes da comunidade LGBT https://t.co/NeIOIGkM0Z","TweetDeck","Estadao",""		
2019-06-23,"16:30:07","&gt;@EstadaoSaoPaulo S√£o Paulo tem primeiro amistoso internacional de r√∫gbi entre equipes LGBT		
https://t.co/q9JnpwKkHD https://t.co/LiAkxzKm3z","TweetDeck","Estadao",""		
2019-06-23,"16:29:28","Canadense focada em canabinoides compra laborat√≥rio brasileiro e prev√™ investimento de US$ 10 milh√µes em 2019‚Ä¶ https://t.co/NDpGgN1pTu","TweetDeck","Estadao",""		
2019-06-23,"16:07:03","&gt;@nytimes: Fim do Mais M√©dicos deixa v√°cuo na sa√∫de em pequenos munic√≠pios brasileiros https://t.co/dPaszdEGl2","TweetDeck","Estadao",""		
2019-06-23,"16:04:04","Apaixonada por animais, Rita Lee lan√ßa livro infantil inspirado na hist√≥ria da ursa Rowena https://t.co/gl7TUmUrib‚Ä¶ https://t.co/rxrbTC2WVJ","TweetDeck","Estadao",""		
2019-06-23,"15:55:05","Contra pedido de Lula, procuradores querem evitar sa√≠da de inqu√©rito Palocci da vara da Lava Jato‚Ä¶ https://t.co/Sn1akDYDoE","TweetDeck","Estadao",""		
2019-06-23,"15:45:07","SP: Parada do Orgulho LGBT come√ßa com tom pol√≠tico e re√∫ne fam√≠lias na Paulista https://t.co/Ey8k4hK7ST -via‚Ä¶ https://t.co/3flczMoEPR","TweetDeck","Estadao",""		
2019-06-23,"15:24:09","Universidade Paulista e Benefic√™ncia Portuguesa se unem para oferecer faculdade em medicina https://t.co/vrGTuxLeOj‚Ä¶ https://t.co/KindsurKmp","TweetDeck","Estadao",""		
2019-06-23,"15:04:01","√â HOJE! Brasil desafia favoritismo da anfitri√£ Fran√ßa nas oitavas da Copa do Mundo feminina https://t.co/kLt5JDStYp‚Ä¶ https://t.co/evJeKC3O7R","TweetDeck","Estadao",""		
2019-06-23,"14:41:42","O ex-comunista que tem f√© na reforma da Previd√™ncia: Marcelo Ramos preside comiss√£o especial na C√¢mara‚Ä¶ https://t.co/O8TzlO9lo2","TweetDeck","Estadao",""		
2019-06-23,"14:20:51","Fasano abre casa de sandu√≠ches italianos na zona sul de S√£o Paulo https://t.co/bkFSOg56dS -via @EstadaoPaladar https://t.co/D66TlH9gQX","TweetDeck","Estadao",""		
2019-06-23,"14:00:06","Bolsonarista raiz assume a defesa de Fl√°vio no caso Queiroz https://t.co/VKWgC7DUWb -via @EstadaoPolitica","TweetDeck","Estadao",""		
2019-06-23,"13:49:40","Lembram do Flog√£o? Sobrevivente da internet brasileira, rede de fotos chega ao fim depois de 15 anos‚Ä¶ https://t.co/PnADa1kJxI","Twitter Web Client","Estadao",""		
2019-06-23,"13:27:02","Vale testa alternativa para minera√ß√£o ap√≥s trag√©dias de Mariana e Brumadinho https://t.co/haryTxR32g -via @EstadaoEconomia","TweetDeck","Estadao",""		
2019-06-23,"13:17:04","Candidatura de bilion√°rio cresce e vira surpresa das elei√ß√µes no Uruguai https://t.co/GpUgcWc4TT -via @EstadaoInter","TweetDeck","Estadao",""		
2019-06-23,"12:58:06","Atualiza√ß√£o: Filho de Ang√©lica e Luciano Huck √© internado ap√≥s sofrer acidente no Rio https://t.co/hUnugYpq5S -via‚Ä¶ https://t.co/WAh2eDJRJq","Twitter Web Client","Estadao",""		
2019-06-23,"12:58:06","CPI v√™ falhas do BNDES em opera√ß√µes no exterior https://t.co/EtXZDBtac0","Twitter Web Client","Estadao",""		
2019-06-23,"12:39:03","Com crise, renda do trabalhador chegou a cair mais de 16% em 5 anos https://t.co/hS7J54USXI -via @EstadaoEconomia","TweetDeck","Estadao",""		
2019-06-23,"12:25:58","Leandro Karnal: Shakespeare j√° foi considerado um bom autor, um escritor med√≠ocre, um dramaturgo vulgar e o supremo‚Ä¶ https://t.co/IbY3vCHRcM","TweetDeck","Estadao",""		
2019-06-23,"12:07:02","Daniel Alves anuncia sa√≠da do Paris Saint-Germain; contrato expira em 30 de junho https://t.co/bVS9mgTcUD -via‚Ä¶ https://t.co/gYad8Qr5sA","TweetDeck","Estadao",""		
2019-06-23,"12:06:02","RT @Estadao: &gt;@EstadaoSaoPaulo Mais barato e com seguran√ßa menor, t√°xi a√©reo clandestino cresce em SP		
https://t.co/04CDtoyAgC https://t.co/‚Ä¶","Twitter Web Client","Estadao",""		
2019-06-23,"12:04:34","SP: Com 19 trios e ex-Spice Girls, Parada do Orgulho LGBT deve levar 3 milh√µes de pessoas √† Paulista‚Ä¶ https://t.co/aRT98JDXC9","TweetDeck","Estadao",""		
2019-06-23,"11:44:06","Ve√≠culo em Marte detecta nuvem de g√°s que sugere possibilidade de vida https://t.co/Bd4eblBz5N","TweetDeck","Estadao",""		
2019-06-23,"11:23:16","&gt;@VeraMagalhaes: Bagun√ßa apontada no Planalto desde a largada segue com mudan√ßas sem sentido de Bolsonaro‚Ä¶ https://t.co/SHzLXrKb7z","TweetDeck","Estadao",""		
2019-06-23,"11:00:02","&gt;@ECantanhede: Sergio Moro deu a volta por cima sobre os di√°logos vazados com uma d√∫vida que percorre os meios jur√≠‚Ä¶ https://t.co/atH2ubU8Ue","TweetDeck","Estadao",""		
2019-06-23,"10:49:37","EDITORIAL: O saneamento b√°sico est√° longe de ser uma prioridade para a esmagadora maioria dos administradores p√∫bli‚Ä¶ https://t.co/4cUGja4p6g","TweetDeck","Estadao",""		
2019-06-23,"10:34:16","CAPA: Com crise, trabalhador perde at√© 16% da renda em 5 anos https://t.co/hS7J54USXI -via @EstadaoEconomia https://t.co/4hhPUj8ulJ","Twitter Web Client","Estadao",""		
2019-06-23,"10:13:03","&gt;@EstadaoViagem Confira 12 acampamentos de f√©rias para crian√ßas perto de S√£o Paulo		
https://t.co/yU8z2JYVQL https://t.co/Zm0eRNDehb","TweetDeck","Estadao",""		
2019-06-23,"9:46:39","&gt;@esportefera Space Jam 2 ter√° Klay Thompson, Anthony Davis, Lillard e jogadoras da WNBA		
https://t.co/9QmWcYxHo6 https://t.co/Uphhc1dgIs","TweetDeck","Estadao",""		
2019-06-23,"8:50:03","Tarefa das f√©rias: ser volunt√°rio		
https://t.co/MHhlxAG3qS","TweetDeck","Estadao",""		
2019-06-23,"8:27:30","Projeto promove foto colorizada de Machado de Assis negro		
https://t.co/82Fw481Rhe https://t.co/oZw7DfZDJL","TweetDeck","Estadao",""		
2019-06-23,"8:07:03","&gt;@Emais_Estadao Pronta para o frio: uma casa toda feita de croch√™		
https://t.co/uB99WinyMN","TweetDeck","Estadao",""		
2019-06-23,"7:45:51","&gt;@esportefera Veja como os jogadores aproveitaram a folga durante a Copa Am√©rica		
https://t.co/333ZhzdP6f","TweetDeck","Estadao",""		
2019-06-23,"7:23:43","'Se um rob√¥ escrever um romance, devemos admitir que ele √© consciente', diz Ian McEwan		
https://t.co/7tMN6mRXwL","TweetDeck","Estadao",""		
2019-06-23,"6:54:09","&gt;@EstadaoCulturaBabel: Livro de Christian Laval sobre educa√ß√£o ganha nova tradu√ß√£o		
https://t.co/tz8Y5JykRd https://t.co/dDuqaSYYVx","TweetDeck","Estadao",""		
2019-06-23,"5:15:55","&gt;@esportefera Jimmy Butler diz que ir√° homenagear os maiores e 'retrata' Neymar		
https://t.co/dvOKLnl111","TweetDeck","Estadao",""		
2019-06-23,"4:51:42","Detentos do PCC mantinham cela de luxo em pres√≠dio no Paraguai https://t.co/gu0NKmschu","TweetDeck","Estadao",""		
2019-06-23,"4:30:48","&gt;@EstadaoSaoPaulo Aos 19 anos, brasileiro √© o mais jovem do mundo a passar no mestrado em Harvard https://t.co/ghiYVf157r","Twitter Web Client","Estadao",""		
2019-06-23,"4:07:37","&gt;@EstadaoEsporte Presidente da Conmebol espera aumento de p√∫blico na Copa Am√©rica: 'Vamos bater recordes'		
https://t.co/YeqkC8GUYa","TweetDeck","Estadao",""		
2019-06-23,"3:47:26","Antonio Ris√©rio: A mesti√ßagem brasileira foi um processo popular		
https://t.co/2dOaPdyXxq","TweetDeck","Estadao",""		
2019-06-23,"3:23:18","&gt;@esportefera Felipe Aguilar, do Santos, se forma em universidade colombiana		
https://t.co/aYAGo5VTk1 https://t.co/JFORoTSC3U","TweetDeck","Estadao",""		
2019-06-22,"2:59:04","Caso dos adolescentes negros presos injustamente por estupro no Central Park vira √≥pera		
https://t.co/2WG0zwfHlM","TweetDeck","Estadao",""		
2019-06-22,"2:44:23","&gt;@EstadaoSaoPaulo Mais barato e com seguran√ßa menor, t√°xi a√©reo clandestino cresce em SP		
https://t.co/04CDtoyAgC https://t.co/rF72TfHEKU","TweetDeck","Estadao",""		
2019-06-22,"1:17:07","&gt;@brdezoito Moro e Glenn podem falar em mesmo dia na C√¢mara		
https://t.co/qGOMBsT4hD","TweetDeck","Estadao",""		
2019-06-22,"1:01:31","&gt;@EstadaoCultura Morre, aos 61 anos, Paulo Pagni, baterista da banda RPM		
https://t.co/mObCX6w8DJ","TweetDeck","Estadao",""		
2019-06-22,"0:38:04","&gt;@EstadaoPolitica 'N√£o tenho nada pessoal contra Santos Cruz, mas ele tinha dif√≠cil articula√ß√£o', diz Bolsonaro		
https://t.co/AMBcIqWLI1","TweetDeck","Estadao",""		
2019-06-22,"0:38:00","&gt;@esportefera Ela √© top, capa de revista: Marta estampa edi√ß√£o da Vogue deste m√™s		
https://t.co/fvsFlKcAFX https://t.co/NFRsXMA1LW","TweetDeck","Estadao",""		
2019-06-22,"0:36:02","&gt;@esportefera Brasil goleia com grande atua√ß√£o de Cebolinha: veja os memes e piadas		
https://t.co/xAMTTZHSEn","TweetDeck","Estadao",""		
2019-06-22,"0:35:03","&gt;@EstadaoEsporte Brasil se imp√µe como anfitri√£o da Copa Am√©rica, goleia o Peru e avan√ßa √†s quartas		
https://t.co/gd326r3VzJ","TweetDeck","Estadao",""		
2019-06-22,"","&gt;@EstadaoEconomia Sete pa√≠ses da UE pedem acordo com Mercosul		
https://t.co/HhJwKAWZfs","TweetDeck","Estadao",""